<?xml version="1.0" encoding="UTF-8"?>
<metadata modelVersion="1.1.0">
  <groupId>com.ubs.wmap.eisl.housekeeping</groupId>
  <artifactId>housekeeping-api</artifactId>
  <version>1.0.0-SNAPSHOT</version>
  <versioning>
    <snapshot>
      <timestamp>20190429.153644</timestamp>
      <buildNumber>4</buildNumber>
    </snapshot>
    <lastUpdated>20190429153644</lastUpdated>
    <snapshotVersions>
      <snapshotVersion>
        <extension>jar</extension>
        <value>1.0.0-20190429.153644-4</value>
        <updated>20190429153644</updated>
      </snapshotVersion>
      <snapshotVersion>
        <extension>pom</extension>
        <value>1.0.0-20190429.153644-4</value>
        <updated>20190429153644</updated>
      </snapshotVersion>
    </snapshotVersions>
  </versioning>
</metadata>
